Product Code,Net Unit Cost,Quantity,Product Variant,Tax Rate Name,Discount,Expiry
8901030733994,2,1000,,No Tax,,12/31/2025
8901719111440,5,1000,,No Tax,,12/31/2026
8901719112393,5,1000,,No Tax,,12/31/2027
8906017290026,6,1000,,No Tax,,12/31/2028
8906017290026,6,1000,,No Tax,,12/31/2029
8901571006854,8,1000,,No Tax,,12/31/2030
89003565,10,1000,,No Tax,,12/31/2031
89008560,10,1000,,No Tax,,12/31/2032
8901030783029,10,1000,,No Tax,,12/31/2033
8901063016699,10,1000,,No Tax,,12/31/2034
8901233036625,10,1000,,No Tax,,12/31/2035
8901255000185,10,1000,,No Tax,,12/31/2036
8901491361026,10,1000,,No Tax,,12/31/2037
8901491410106,10,1000,,No Tax,,12/31/2038
8901491503020,10,1000,,No Tax,,12/31/2039
8901491503044,10,1000,,No Tax,,12/31/2040
8901719111464,10,1000,,No Tax,,12/31/2041
8902579000233,10,1000,,No Tax,,12/31/2042
8906032011019,10,1000,,No Tax,,12/31/2043
8901030765353,15,1000,,No Tax,,12/31/2044
8901088068734,15,1000,,No Tax,,12/31/2045
8901088068758,15,1000,,No Tax,,12/31/2046
8902080104024,15,1000,,No Tax,,12/31/2047
4902430839754,20,1000,,No Tax,,12/31/2048
8901063142015,20,1000,,No Tax,,12/31/2049
8901491000208,20,1000,,No Tax,,12/31/2050
8901491101820,20,1000,,No Tax,,12/31/2051
8901491101844,20,1000,,No Tax,,12/31/2052
8901491981552,20,1000,,No Tax,,12/31/2053
8901764032912,20,1000,,No Tax,,12/31/2054
8901764362804,20,1000,,No Tax,,12/31/2055
8902080334179,20,1000,,No Tax,,12/31/2056
8904043901015,20,1000,,No Tax,,12/31/2057
8906017290040,20,1000,,No Tax,,12/31/2058
4902430818858,22,1000,,No Tax,,12/31/2059
8901030518591,25,1000,,No Tax,,12/31/2060
8901030518591,25,1000,,No Tax,,12/31/2061
8901030561603,25,1000,,No Tax,,12/31/2062
8901262151573,25,1000,,No Tax,,12/31/2063
8901512507600,25,1000,,No Tax,,12/31/2064
8901512507709,25,1000,,No Tax,,12/31/2065
8902167000164,25,1000,,No Tax,,12/31/2066
8902188811015,25,1000,,No Tax,,12/31/2067
8908004804087,25,1000,,No Tax,,12/31/2068
89005583,28,1000,,No Tax,,12/31/2069
8901012166604,28,1000,,No Tax,,12/31/2070
8904043927305,28,1000,,No Tax,,12/31/2071
8901786130504,29,1000,,No Tax,,12/31/2072
8901030518584,30,1000,,No Tax,,12/31/2073
8901030682322,30,1000,,No Tax,,12/31/2074
8901030812972,30,1000,,No Tax,,12/31/2075
8901063023901,30,1000,,No Tax,,12/31/2076
8901063092402,30,1000,,No Tax,,12/31/2077
8901063139213,30,1000,,No Tax,,12/31/2078
8901314011664,30,1000,,No Tax,,12/31/2079
8901396506003,30,1000,,No Tax,,12/31/2080
8901512540508,30,1000,,No Tax,,12/31/2081
8901512541901,30,1000,,No Tax,,12/31/2082
8901512546104,30,1000,,No Tax,,12/31/2083
8901512556301,30,1000,,No Tax,,12/31/2084
8901595851218,30,1000,,No Tax,,12/31/2085
8904124107961,30,1000,,No Tax,,12/31/2086
8904124107978,30,1000,,No Tax,,12/31/2087
8904124108005,30,1000,,No Tax,,12/31/2088
8904043927176,31,1000,,No Tax,,12/31/2089
8904043927190,31,1000,,No Tax,,12/31/2090
8901512564306,33,1000,,No Tax,,12/31/2091
8901512564405,33,1000,,No Tax,,12/31/2092
8902167004384,33,1000,,No Tax,,12/31/2093
8902579000004,33,1000,,No Tax,,12/31/2094
8901157004342,34,1000,,No Tax,,12/31/2095
8901030551956,35,1000,,No Tax,,12/31/2096
8901030551956,35,1000,,No Tax,,12/31/2097
8901361302456,35,1000,,No Tax,,12/31/2098
8901764061257,35,1000,,No Tax,,12/31/2099
8901012166635,36,1000,,No Tax,,12/31/2100
8901248701105,37,1000,,No Tax,,12/31/2101
8902167000829,37,1000,,No Tax,,12/31/2102
8901248101103,38,1000,,No Tax,,12/31/2103
8901531300015,38,1000,,No Tax,,12/31/2104
8904288621112,38,1000,,No Tax,,12/31/2105
8901030717048,40,1000,,No Tax,,12/31/2106
8901030788277,40,1000,,No Tax,,12/31/2107
8901207900839,40,1000,,No Tax,,12/31/2108
8901524000410,40,1000,,No Tax,,12/31/2109
8901764032271,40,1000,,No Tax,,12/31/2110
8901764042270,40,1000,,No Tax,,12/31/2111
8902167000782,40,1000,,No Tax,,12/31/2112
8904043927152,40,1000,,No Tax,,12/31/2113
8906009300504,40,1000,,No Tax,,12/31/2114
8901524001110,41,1000,,No Tax,,12/31/2115
8901248701129,42,1000,,No Tax,,12/31/2116
8901512548405,44,1000,,No Tax,,12/31/2117
8901512548504,44,1000,,No Tax,,12/31/2118
8904063200464,44,1000,,No Tax,,12/31/2119
89005590,45,1000,,No Tax,,12/31/2120
8901030795589,45,1000,,No Tax,,12/31/2121
8901242114406,45,1000,,No Tax,,12/31/2122
8901314010520,45,1000,,No Tax,,12/31/2123
8904109400636,45,1000,,No Tax,,12/31/2124
8904109450112,45,1000,,No Tax,,12/31/2125
8906032010999,45,1000,,No Tax,,12/31/2126
8906032011019,45,1000,,No Tax,,12/31/2127
8906032016571,45,1000,,No Tax,,12/31/2128
8906032016571,45,1000,,No Tax,,12/31/2129
8901058851311,46,1000,,No Tax,,12/31/2130
8904063200020,46,1000,,No Tax,,12/31/2131
8904063200051,46,1000,,No Tax,,12/31/2132
8904063253842,46,1000,,No Tax,,12/31/2133
8901030670183,48,1000,,No Tax,,12/31/2134
8901138511838,48,1000,,No Tax,,12/31/2135
8902102199427,48,1000,,No Tax,,12/31/2136
8906128400000,48,1000,,No Tax,,12/31/2137
8901023005800,49,1000,,No Tax,,12/31/2138
8901023005800,49,1000,,No Tax,,12/31/2139
8901030717376,50,1000,,No Tax,,12/31/2140
8901030794193,50,1000,,No Tax,,12/31/2141
8901138836092,50,1000,,No Tax,,12/31/2142
8901138844745,50,1000,,No Tax,,12/31/2143
8901207500046,50,1000,,No Tax,,12/31/2144
8901314311948,50,1000,,No Tax,,12/31/2145
8901512540102,50,1000,,No Tax,,12/31/2146
8901548146767,50,1000,,No Tax,,12/31/2147
8901764211256,50,1000,,No Tax,,12/31/2148
8901764241253,50,1000,,No Tax,,12/31/2149
8904288627060,50,1000,,No Tax,,12/31/2150
8906010080433,50,1000,,No Tax,,12/31/2151
8906128400239,50,1000,,No Tax,,12/31/2152
8908004804339,50,1000,,No Tax,,12/31/2153
8901012116647,52,1000,,No Tax,,12/31/2154
8901030739057,52,1000,,No Tax,,12/31/2155
8901207027253,52,1000,,No Tax,,12/31/2156
8901314010520,52,1000,,No Tax,,12/31/2157
8901314010520,52,1000,,No Tax,,12/31/2158
8901314308085,52,1000,,No Tax,,12/31/2159
8902167000010,52,1000,,No Tax,,12/31/2160
8904063251046,52,1000,,No Tax,,12/31/2161
8904288601275,52,1000,,No Tax,,12/31/2162
8904043926629,53,1000,,No Tax,,12/31/2163
8901030732423,54,1000,,No Tax,,12/31/2164
8901030821516,54,1000,,No Tax,,12/31/2165
8901786131006,54,1000,,No Tax,,12/31/2166
8904288601367,54,1000,,No Tax,,12/31/2167
8904288601428,54,1000,,No Tax,,12/31/2168
8901023014512,55,1000,,No Tax,,12/31/2169
8901030516269,55,1000,,No Tax,,12/31/2170
8901030516276,55,1000,,No Tax,,12/31/2171
8901030516306,55,1000,,No Tax,,12/31/2172
8901030682339,55,1000,,No Tax,,12/31/2173
8901314009586,55,1000,,No Tax,,12/31/2174
8901314081018,55,1000,,No Tax,,12/31/2175
8901396350200,55,1000,,No Tax,,12/31/2176
8901526207480,55,1000,,No Tax,,12/31/2177
8906083862547,55,1000,,No Tax,,12/31/2178
8906128400994,55,1000,,No Tax,,12/31/2179
8901030724350,57,1000,,No Tax,,12/31/2180
8901396465003,58,1000,,No Tax,,12/31/2181
8901177100857,59,1000,,No Tax,,12/31/2182
8901396040606,59,1000,,No Tax,,12/31/2183
8901396051008,59,1000,,No Tax,,12/31/2184
8901396053002,59,1000,,No Tax,,12/31/2185
8901526553419,59,1000,,No Tax,,12/31/2186
8902167000355,59,1000,,No Tax,,12/31/2187
808042000022,60,1000,,No Tax,,12/31/2188
4902430649568,60,1000,,No Tax,,12/31/2189
4902430787154,60,1000,,No Tax,,12/31/2190
8901138836115,60,1000,,No Tax,,12/31/2191
8902080364565,60,1000,,No Tax,,12/31/2192
8904109450426,60,1000,,No Tax,,12/31/2193
8906009300603,60,1000,,No Tax,,12/31/2194
8907250322017,60,1000,,No Tax,,12/31/2195
8904043926308,61,1000,,No Tax,,12/31/2196
8901012116654,62,1000,,No Tax,,12/31/2197
8901207005374,62,1000,,No Tax,,12/31/2198
8901207005374,62,1000,,No Tax,,12/31/2199
8902167000089,62,1000,,No Tax,,12/31/2200
8902167000270,62,1000,,No Tax,,12/31/2201
8904043927213,62,1000,,No Tax,,12/31/2202
8902167000065,63,1000,,No Tax,,12/31/2203
8902167000256,64,1000,,No Tax,,12/31/2204
8901030534966,65,1000,,No Tax,,12/31/2205
8901030534966,65,1000,,No Tax,,12/31/2206
8901030752384,65,1000,,No Tax,,12/31/2207
8901030771262,65,1000,,No Tax,,12/31/2208
8901030821394,65,1000,,No Tax,,12/31/2209
8901088002851,65,1000,,No Tax,,12/31/2210
8901138512187,65,1000,,No Tax,,12/31/2211
8901512562906,65,1000,,No Tax,,12/31/2212
8901524000212,65,1000,,No Tax,,12/31/2213
8901764012808,65,1000,,No Tax,,12/31/2214
8901764052804,65,1000,,No Tax,,12/31/2215
8902167000034,65,1000,,No Tax,,12/31/2216
8902195070627,65,1000,,No Tax,,12/31/2217
8902393565888,65,1000,,No Tax,,12/31/2218
8902393565925,65,1000,,No Tax,,12/31/2219
8904043927299,65,1000,,No Tax,,12/31/2220
8906069402644,65,1000,,No Tax,,12/31/2221
8901524000366,66,1000,,No Tax,,12/31/2222
8902167000218,67,1000,,No Tax,,12/31/2223
8904288601374,67,1000,,No Tax,,12/31/2224
8901058851328,68,1000,,No Tax,,12/31/2225
8901138512606,68,1000,,No Tax,,12/31/2226
8902167000102,68,1000,,No Tax,,12/31/2227
8904043926582,69,1000,,No Tax,,12/31/2228
8904288601435,69,1000,,No Tax,,12/31/2229
4987176029768,70,1000,,No Tax,,12/31/2230
8901030456381,70,1000,,No Tax,,12/31/2231
8901030786051,70,1000,,No Tax,,12/31/2232
8901120141012,70,1000,,No Tax,,12/31/2233
8901138511487,70,1000,,No Tax,,12/31/2234
8901138511814,70,1000,,No Tax,,12/31/2235
8901248101110,70,1000,,No Tax,,12/31/2236
8901524001318,70,1000,,No Tax,,12/31/2237
8901531300022,70,1000,,No Tax,,12/31/2238
8902167000140,70,1000,,No Tax,,12/31/2239
8902167000492,70,1000,,No Tax,,12/31/2240
8904043926667,71,1000,,No Tax,,12/31/2241
8904043926704,71,1000,,No Tax,,12/31/2242
8901023007408,72,1000,,No Tax,,12/31/2243
8901030734182,72,1000,,No Tax,,12/31/2244
8901030736070,72,1000,,No Tax,,12/31/2245
8901396528302,72,1000,,No Tax,,12/31/2246
8904288601220,72,1000,,No Tax,,12/31/2247
8904018301673,74,1000,,No Tax,,12/31/2248
89005606,75,1000,,No Tax,,12/31/2249
89006733,75,1000,,No Tax,,12/31/2250
8901012116562,75,1000,,No Tax,,12/31/2251
8901012116814,75,1000,,No Tax,,12/31/2252
8901012117002,75,1000,,No Tax,,12/31/2253
8901030686504,75,1000,,No Tax,,12/31/2254
8901030742651,75,1000,,No Tax,,12/31/2255
8901548147191,75,1000,,No Tax,,12/31/2256
8904109449215,75,1000,,No Tax,,12/31/2257
8904109464683,75,1000,,No Tax,,12/31/2258
8906006430662,75,1000,,No Tax,,12/31/2259
8906069402668,75,1000,,No Tax,,12/31/2260
8906069402699,75,1000,,No Tax,,12/31/2261
8904043901657,76,1000,,No Tax,,12/31/2262
8901030521218,77,1000,,No Tax,,12/31/2263
8901012165256,78,1000,,No Tax,,12/31/2264
8902167000126,78,1000,,No Tax,,12/31/2265
8901030739576,79,1000,,No Tax,,12/31/2266
8901030794148,79,1000,,No Tax,,12/31/2267
4902430909143,80,1000,,No Tax,,12/31/2268
8901012118085,80,1000,,No Tax,,12/31/2269
8901030726910,80,1000,,No Tax,,12/31/2270
8901138836108,80,1000,,No Tax,,12/31/2271
8901216406650,80,1000,,No Tax,,12/31/2272
8901216406667,80,1000,,No Tax,,12/31/2273
8901216406674,80,1000,,No Tax,,12/31/2274
8901216406681,80,1000,,No Tax,,12/31/2275
8901216406902,80,1000,,No Tax,,12/31/2276
8901216406940,80,1000,,No Tax,,12/31/2277
8901248701112,80,1000,,No Tax,,12/31/2278
8901612000537,80,1000,,No Tax,,12/31/2279
8902167001048,80,1000,,No Tax,,12/31/2280
8906083860031,80,1000,,No Tax,,12/31/2281
8904043926155,81,1000,,No Tax,,12/31/2282
8901396343905,82,1000,,No Tax,,12/31/2283
8902167000300,82,1000,,No Tax,,12/31/2284
8904043926421,83,1000,,No Tax,,12/31/2285
8901030748066,84,1000,,No Tax,,12/31/2286
8904043927220,84,1000,,No Tax,,12/31/2287
42204169,85,1000,,No Tax,,12/31/2288
4902430722049,85,1000,,No Tax,,12/31/2289
4902430722193,85,1000,,No Tax,,12/31/2290
8901012116883,85,1000,,No Tax,,12/31/2291
8901030767319,85,1000,,No Tax,,12/31/2292
8901030777974,85,1000,,No Tax,,12/31/2293
8901030788055,85,1000,,No Tax,,12/31/2294
8901030788055,85,1000,,No Tax,,12/31/2295
8901138511449,85,1000,,No Tax,,12/31/2296
8901396055006,85,1000,,No Tax,,12/31/2297
8901396056003,85,1000,,No Tax,,12/31/2298
8902102230854,85,1000,,No Tax,,12/31/2299
8904109450327,85,1000,,No Tax,,12/31/2300
8904109450495,85,1000,,No Tax,,12/31/2301
8906032010999,85,1000,,No Tax,,12/31/2302
8906128400567,85,1000,,No Tax,,12/31/2303
8901058866711,86,1000,,No Tax,,12/31/2304
8901248121330,86,1000,,No Tax,,12/31/2305
8901396151005,86,1000,,No Tax,,12/31/2306
8901396153009,86,1000,,No Tax,,12/31/2307
8904043926520,86,1000,,No Tax,,12/31/2308
8901725977146,87,1000,,No Tax,,12/31/2309
8901023011368,88,1000,,No Tax,,12/31/2310
690225103626,89,1000,,No Tax,,12/31/2311
8901023011719,89,1000,,No Tax,,12/31/2312
8901023019715,89,1000,,No Tax,,12/31/2313
8901396476009,89,1000,,No Tax,,12/31/2314
8906006435773,89,1000,,No Tax,,12/31/2315
8901012116661,90,1000,,No Tax,,12/31/2316
8901012116845,90,1000,,No Tax,,12/31/2317
8901012116920,90,1000,,No Tax,,12/31/2318
8901012166482,90,1000,,No Tax,,12/31/2319
8901023005817,90,1000,,No Tax,,12/31/2320
8901030674303,90,1000,,No Tax,,12/31/2321
8901030740824,90,1000,,No Tax,,12/31/2322
8901042968223,90,1000,,No Tax,,12/31/2323
8901138511463,90,1000,,No Tax,,12/31/2324
8901138836122,90,1000,,No Tax,,12/31/2325
8901207500053,90,1000,,No Tax,,12/31/2326
8901216406964,90,1000,,No Tax,,12/31/2327
8901314022660,90,1000,,No Tax,,12/31/2328
8901571004829,90,1000,,No Tax,,12/31/2329
8904109400575,90,1000,,No Tax,,12/31/2330
8904109400643,90,1000,,No Tax,,12/31/2331
8904109451560,90,1000,,No Tax,,12/31/2332
8906128400260,90,1000,,No Tax,,12/31/2333
8901396153306,91,1000,,No Tax,,12/31/2334
8904043926124,91,1000,,No Tax,,12/31/2335
8904043926681,91,1000,,No Tax,,12/31/2336
8901314309914,92,1000,,No Tax,,12/31/2337
8901314309921,92,1000,,No Tax,,12/31/2338
8901396117407,93,1000,,No Tax,,12/31/2339
8901030738333,95,1000,,No Tax,,12/31/2340
8901030767647,95,1000,,No Tax,,12/31/2341
8901030767647,95,1000,,No Tax,,12/31/2342
8901030775901,95,1000,,No Tax,,12/31/2343
8901030793073,95,1000,,No Tax,,12/31/2344
8901030793387,95,1000,,No Tax,,12/31/2345
8901030807299,95,1000,,No Tax,,12/31/2346
8901207027321,95,1000,,No Tax,,12/31/2347
8901314010025,95,1000,,No Tax,,12/31/2348
8901314010025,95,1000,,No Tax,,12/31/2349
8901499008183,95,1000,,No Tax,,12/31/2350
8901499008183,95,1000,,No Tax,,12/31/2351
4902430919753,96,1000,,No Tax,,12/31/2352
8904043926322,96,1000,,No Tax,,12/31/2353
8901030677069,97,1000,,No Tax,,12/31/2354
8901207033377,97,1000,,No Tax,,12/31/2355
8901030677038,98,1000,,No Tax,,12/31/2356
8901399005305,98,1000,,No Tax,,12/31/2357
8904271200317,98,1000,,No Tax,,12/31/2358
8901023004599,99,1000,,No Tax,,12/31/2359
8901023014284,99,1000,,No Tax,,12/31/2360
8901030753817,99,1000,,No Tax,,12/31/2361
8901058101577,99,1000,,No Tax,,12/31/2362
8901157025071,99,1000,,No Tax,,12/31/2363
8901207025365,99,1000,,No Tax,,12/31/2364
8901207025365,99,1000,,No Tax,,12/31/2365
8901314006172,99,1000,,No Tax,,12/31/2366
8901314077790,99,1000,,No Tax,,12/31/2367
8901314312822,99,1000,,No Tax,,12/31/2368
8901396324584,99,1000,,No Tax,,12/31/2369
8901396342106,99,1000,,No Tax,,12/31/2370
8901396387183,99,1000,,No Tax,,12/31/2371
8901396387329,99,1000,,No Tax,,12/31/2372
8901526205578,99,1000,,No Tax,,12/31/2373
8901526209620,99,1000,,No Tax,,12/31/2374
8901537006010,99,1000,,No Tax,,12/31/2375
8901725937386,99,1000,,No Tax,,12/31/2376
8901725971540,99,1000,,No Tax,,12/31/2377
8902710100068,99,1000,,No Tax,,12/31/2378
8906069400527,99,1000,,No Tax,,12/31/2379
8906069400619,99,1000,,No Tax,,12/31/2380
8908012605010,99,1000,,No Tax,,12/31/2381
8901138511739,100,1000,,No Tax,,12/31/2382
8901314009081,100,1000,,No Tax,,12/31/2383
8901314009319,100,1000,,No Tax,,12/31/2384
8901314310033,100,1000,,No Tax,,12/31/2385
8901512562203,100,1000,,No Tax,,12/31/2386
8906114180299,100,1000,,No Tax,,12/31/2387
8901030732430,102,1000,,No Tax,,12/31/2388
8901030821523,102,1000,,No Tax,,12/31/2389
8901030732874,105,1000,,No Tax,,12/31/2390
8901030760587,105,1000,,No Tax,,12/31/2391
8901138836078,105,1000,,No Tax,,12/31/2392
8901396040309,105,1000,,No Tax,,12/31/2393
8901396040705,105,1000,,No Tax,,12/31/2394
8904018301680,105,1000,,No Tax,,12/31/2395
8904288601213,105,1000,,No Tax,,12/31/2396
4902430787116,110,1000,,No Tax,,12/31/2397
7622201423117,110,1000,,No Tax,,12/31/2398
8901012116715,110,1000,,No Tax,,12/31/2399
8901030450358,110,1000,,No Tax,,12/31/2400
8901030703812,110,1000,,No Tax,,12/31/2401
8901030703829,110,1000,,No Tax,,12/31/2402
8901042954714,110,1000,,No Tax,,12/31/2403
8901058117783,110,1000,,No Tax,,12/31/2404
8901216406353,110,1000,,No Tax,,12/31/2405
8901571004096,110,1000,,No Tax,,12/31/2406
8901571004614,110,1000,,No Tax,,12/31/2407
8901177003530,112,1000,,No Tax,,12/31/2408
90162602,115,1000,,No Tax,,12/31/2409
690225101134,115,1000,,No Tax,,12/31/2410
8901012165737,115,1000,,No Tax,,12/31/2411
8901023014222,115,1000,,No Tax,,12/31/2412
8901023014239,115,1000,,No Tax,,12/31/2413
8901248101424,115,1000,,No Tax,,12/31/2414
8904043926643,115,1000,,No Tax,,12/31/2415
8901030672682,119,1000,,No Tax,,12/31/2416
4902430785211,120,1000,,No Tax,,12/31/2417
4902430899215,120,1000,,No Tax,,12/31/2418
8901012118092,120,1000,,No Tax,,12/31/2419
8901030705885,120,1000,,No Tax,,12/31/2420
8901030731976,120,1000,,No Tax,,12/31/2421
8901030813405,120,1000,,No Tax,,12/31/2422
8901042957968,120,1000,,No Tax,,12/31/2423
8901138512460,120,1000,,No Tax,,12/31/2424
8901216406308,120,1000,,No Tax,,12/31/2425
8901216406346,120,1000,,No Tax,,12/31/2426
8901314077998,120,1000,,No Tax,,12/31/2427
8901526207473,120,1000,,No Tax,,12/31/2428
8901571001033,120,1000,,No Tax,,12/31/2429
8904043926612,120,1000,,No Tax,,12/31/2430
8901023008177,124,1000,,No Tax,,12/31/2431
8901088057097,124,1000,,No Tax,,12/31/2432
4902430930499,125,1000,,No Tax,,12/31/2433
8901030734168,125,1000,,No Tax,,12/31/2434
8901030786037,125,1000,,No Tax,,12/31/2435
8901052004539,125,1000,,No Tax,,12/31/2436
8901088702522,125,1000,,No Tax,,12/31/2437
8901277016393,125,1000,,No Tax,,12/31/2438
8901396321606,125,1000,,No Tax,,12/31/2439
8901499007957,125,1000,,No Tax,,12/31/2440
8901030674310,129,1000,,No Tax,,12/31/2441
8901012189184,130,1000,,No Tax,,12/31/2442
8901030667756,130,1000,,No Tax,,12/31/2443
8901030667756,130,1000,,No Tax,,12/31/2444
8901030705915,130,1000,,No Tax,,12/31/2445
8901030822162,130,1000,,No Tax,,12/31/2446
8901052000807,130,1000,,No Tax,,12/31/2447
8901120141029,130,1000,,No Tax,,12/31/2448
8901138513153,130,1000,,No Tax,,12/31/2449
8901138815936,130,1000,,No Tax,,12/31/2450
8901177100352,130,1000,,No Tax,,12/31/2451
8901216406285,130,1000,,No Tax,,12/31/2452
8904043926179,130,1000,,No Tax,,12/31/2453
8904109451522,130,1000,,No Tax,,12/31/2454
8906006332683,130,1000,,No Tax,,12/31/2455
8906007280037,130,1000,,No Tax,,12/31/2456
8901030736087,133,1000,,No Tax,,12/31/2457
8901012116579,135,1000,,No Tax,,12/31/2458
8901030658754,135,1000,,No Tax,,12/31/2459
8901138511494,135,1000,,No Tax,,12/31/2460
8901526101498,135,1000,,No Tax,,12/31/2461
8901526201877,135,1000,,No Tax,,12/31/2462
8901030788307,136,1000,,No Tax,,12/31/2463
8901088017381,139,1000,,No Tax,,12/31/2464
8901012133057,140,1000,,No Tax,,12/31/2465
8901030674570,140,1000,,No Tax,,12/31/2466
8901030699085,140,1000,,No Tax,,12/31/2467
8904043926650,140,1000,,No Tax,,12/31/2468
8901207029875,141,1000,,No Tax,,12/31/2469
8906007280242,142,1000,,No Tax,,12/31/2470
4902430909174,143,1000,,No Tax,,12/31/2471
8901012116821,145,1000,,No Tax,,12/31/2472
8901012189368,145,1000,,No Tax,,12/31/2473
8901030764356,145,1000,,No Tax,,12/31/2474
8901138512903,145,1000,,No Tax,,12/31/2475
8904109449222,145,1000,,No Tax,,12/31/2476
8901058107487,147,1000,,No Tax,,12/31/2477
8901314010131,147,1000,,No Tax,,12/31/2478
801541040438,148,1000,,No Tax,,12/31/2479
801541512812,148,1000,,No Tax,,12/31/2480
801541605002,148,1000,,No Tax,,12/31/2481
801541605019,148,1000,,No Tax,,12/31/2482
8901023019524,149,1000,,No Tax,,12/31/2483
8901030794131,149,1000,,No Tax,,12/31/2484
8901030794131,149,1000,,No Tax,,12/31/2485
8901157045093,149,1000,,No Tax,,12/31/2486
8901157045109,149,1000,,No Tax,,12/31/2487
8901396387701,149,1000,,No Tax,,12/31/2488
89006740,150,1000,,No Tax,,12/31/2489
4902430538794,150,1000,,No Tax,,12/31/2490
4902430774208,150,1000,,No Tax,,12/31/2491
4902430787130,150,1000,,No Tax,,12/31/2492
8901030535048,150,1000,,No Tax,,12/31/2493
8901030535048,150,1000,,No Tax,,12/31/2494
8901030771293,150,1000,,No Tax,,12/31/2495
8901030788062,150,1000,,No Tax,,12/31/2496
8901248101431,150,1000,,No Tax,,12/31/2497
8901453000024,150,1000,,No Tax,,12/31/2498
8904043926698,150,1000,,No Tax,,12/31/2499
8904109463105,150,1000,,No Tax,,12/31/2500
8906083860062,150,1000,,No Tax,,12/31/2501
801541605033,154,1000,,No Tax,,12/31/2502
8901012189191,155,1000,,No Tax,,12/31/2503
8901030760648,155,1000,,No Tax,,12/31/2504
8901030821530,155,1000,,No Tax,,12/31/2505
8901138511470,155,1000,,No Tax,,12/31/2506
8901277012685,155,1000,,No Tax,,12/31/2507
8901725973148,156,1000,,No Tax,,12/31/2508
8901030748110,159,1000,,No Tax,,12/31/2509
42204091,160,1000,,No Tax,,12/31/2510
8901012116890,160,1000,,No Tax,,12/31/2511
8901030770388,160,1000,,No Tax,,12/31/2512
8901058101614,160,1000,,No Tax,,12/31/2513
8901138511456,160,1000,,No Tax,,12/31/2514
8901207026553,160,1000,,No Tax,,12/31/2515
8901526204236,160,1000,,No Tax,,12/31/2516
8901526573851,160,1000,,No Tax,,12/31/2517
8901526574001,160,1000,,No Tax,,12/31/2518
8901526574025,160,1000,,No Tax,,12/31/2519
8901314308108,164,1000,,No Tax,,12/31/2520
8901314524010,164,1000,,No Tax,,12/31/2521
8901012116852,165,1000,,No Tax,,12/31/2522
8901030779299,165,1000,,No Tax,,12/31/2523
8901499007964,165,1000,,No Tax,,12/31/2524
8901499007964,165,1000,,No Tax,,12/31/2525
8901526205240,165,1000,,No Tax,,12/31/2526
8904288611373,165,1000,,No Tax,,12/31/2527
8904288611380,165,1000,,No Tax,,12/31/2528
8904288611403,165,1000,,No Tax,,12/31/2529
8908012605003,165,1000,,No Tax,,12/31/2530
8901396173502,168,1000,,No Tax,,12/31/2531
4902430871396,170,1000,,No Tax,,12/31/2532
8901012116975,170,1000,,No Tax,,12/31/2533
801541070435,174,1000,,No Tax,,12/31/2534
801541080434,174,1000,,No Tax,,12/31/2535
801541508426,174,1000,,No Tax,,12/31/2536
801541509256,174,1000,,No Tax,,12/31/2537
801541509546,174,1000,,No Tax,,12/31/2538
801541514892,174,1000,,No Tax,,12/31/2539
4902430909099,175,1000,,No Tax,,12/31/2540
8901012166512,175,1000,,No Tax,,12/31/2541
8901030676284,175,1000,,No Tax,,12/31/2542
8901138512408,175,1000,,No Tax,,12/31/2543
8901396140009,179,1000,,No Tax,,12/31/2544
8901030745539,180,1000,,No Tax,,12/31/2545
8901030795664,180,1000,,No Tax,,12/31/2546
8901207900631,180,1000,,No Tax,,12/31/2547
8901207900631,180,1000,,No Tax,,12/31/2548
8901499008190,180,1000,,No Tax,,12/31/2549
8901512507204,180,1000,,No Tax,,12/31/2550
8901526205561,180,1000,,No Tax,,12/31/2551
8906009590455,180,1000,,No Tax,,12/31/2552
8906007280969,181,1000,,No Tax,,12/31/2553
8901023014291,182,1000,,No Tax,,12/31/2554
8901157025200,182,1000,,No Tax,,12/31/2555
801541519286,184,1000,,No Tax,,12/31/2556
4902430751483,185,1000,,No Tax,,12/31/2557
8908001158244,185,1000,,No Tax,,12/31/2558
8908001158312,185,1000,,No Tax,,12/31/2559
8908001158480,185,1000,,No Tax,,12/31/2560
8901030700743,187,1000,,No Tax,,12/31/2561
8901030815409,189,1000,,No Tax,,12/31/2562
8901030767654,190,1000,,No Tax,,12/31/2563
8901030812897,190,1000,,No Tax,,12/31/2564
8901058865776,190,1000,,No Tax,,12/31/2565
8901058867466,190,1000,,No Tax,,12/31/2566
8901088129800,190,1000,,No Tax,,12/31/2567
8901088129817,190,1000,,No Tax,,12/31/2568
8901138822477,190,1000,,No Tax,,12/31/2569
8901396348702,193,1000,,No Tax,,12/31/2570
8901012116722,195,1000,,No Tax,,12/31/2571
8901512506306,195,1000,,No Tax,,12/31/2572
8901512506405,195,1000,,No Tax,,12/31/2573
8902710205213,195,1000,,No Tax,,12/31/2574
8903622035233,195,1000,,No Tax,,12/31/2575
4902430364003,199,1000,,No Tax,,12/31/2576
4902430364027,199,1000,,No Tax,,12/31/2577
4902430364126,199,1000,,No Tax,,12/31/2578
4902430602747,199,1000,,No Tax,,12/31/2579
4902430602761,199,1000,,No Tax,,12/31/2580
4902430785259,199,1000,,No Tax,,12/31/2581
8901207025372,199,1000,,No Tax,,12/31/2582
8901207025372,199,1000,,No Tax,,12/31/2583
8901396040408,199,1000,,No Tax,,12/31/2584
8901396341604,199,1000,,No Tax,,12/31/2585
8901450003349,199,1000,,No Tax,,12/31/2586
8901526553426,199,1000,,No Tax,,12/31/2587
8903622000750,199,1000,,No Tax,,12/31/2588
8903622037336,199,1000,,No Tax,,12/31/2589
8904006301166,199,1000,,No Tax,,12/31/2590
8904006302460,199,1000,,No Tax,,12/31/2591
8904006302750,199,1000,,No Tax,,12/31/2592
8901030569180,200,1000,,No Tax,,12/31/2593
8901138824037,200,1000,,No Tax,,12/31/2594
8901216406865,200,1000,,No Tax,,12/31/2595
8901396397632,200,1000,,No Tax,,12/31/2596
8901396399629,200,1000,,No Tax,,12/31/2597
8901030611209,205,1000,,No Tax,,12/31/2598
8901042957074,205,1000,,No Tax,,12/31/2599
8901499008213,205,1000,,No Tax,,12/31/2600
7622201423131,209,1000,,No Tax,,12/31/2601
8901030820045,209,1000,,No Tax,,12/31/2602
8901052004584,209,1000,,No Tax,,12/31/2603
8901030450389,210,1000,,No Tax,,12/31/2604
8901207001635,210,1000,,No Tax,,12/31/2605
8901216713017,210,1000,,No Tax,,12/31/2606
8901450003257,210,1000,,No Tax,,12/31/2607
8901450007286,210,1000,,No Tax,,12/31/2608
8901499008459,210,1000,,No Tax,,12/31/2609
8901030450389,215,1000,,No Tax,,12/31/2610
8901030535093,215,1000,,No Tax,,12/31/2611
8901314543172,217,1000,,No Tax,,12/31/2612
8901030735714,218,1000,,No Tax,,12/31/2613
8901030735721,218,1000,,No Tax,,12/31/2614
8901030735738,218,1000,,No Tax,,12/31/2615
4902430857611,220,1000,,No Tax,,12/31/2616
8901030553868,220,1000,,No Tax,,12/31/2617
8901058867503,220,1000,,No Tax,,12/31/2618
7622201423155,223,1000,,No Tax,,12/31/2619
8901314010025,223,1000,,No Tax,,12/31/2620
4902430899147,225,1000,,No Tax,,12/31/2621
8901012116586,225,1000,,No Tax,,12/31/2622
8901571001996,229,1000,,No Tax,,12/31/2623
4902430290098,230,1000,,No Tax,,12/31/2624
4902430894593,230,1000,,No Tax,,12/31/2625
8901012119150,230,1000,,No Tax,,12/31/2626
8901023022012,230,1000,,No Tax,,12/31/2627
8901030703607,230,1000,,No Tax,,12/31/2628
8901030707995,230,1000,,No Tax,,12/31/2629
8901030707995,230,1000,,No Tax,,12/31/2630
8901138815943,230,1000,,No Tax,,12/31/2631
4902430785372,235,1000,,No Tax,,12/31/2632
8901277016997,240,1000,,No Tax,,12/31/2633
8901571001354,242,1000,,No Tax,,12/31/2634
8901571001354,242,1000,,No Tax,,12/31/2635
8901058867541,246,1000,,No Tax,,12/31/2636
8901571000043,247,1000,,No Tax,,12/31/2637
4987176025845,250,1000,,No Tax,,12/31/2638
8901030810244,250,1000,,No Tax,,12/31/2639
8908008172045,250,1000,,No Tax,,12/31/2640
8906004970016,252,1000,,No Tax,,12/31/2641
8901058867589,257,1000,,No Tax,,12/31/2642
8901058867596,257,1000,,No Tax,,12/31/2643
4902430921817,260,1000,,No Tax,,12/31/2644
8901030658761,260,1000,,No Tax,,12/31/2645
8901526101504,265,1000,,No Tax,,12/31/2646
8904271200294,266,1000,,No Tax,,12/31/2647
4902430752336,268,1000,,No Tax,,12/31/2648
8901157025170,269,1000,,No Tax,,12/31/2649
8901157025194,269,1000,,No Tax,,12/31/2650
8901030578205,270,1000,,No Tax,,12/31/2651
8904109449239,275,1000,,No Tax,,12/31/2652
8901058867688,277,1000,,No Tax,,12/31/2653
4902430918305,279,1000,,No Tax,,12/31/2654
4902430294164,280,1000,,No Tax,,12/31/2655
8901030756047,280,1000,,No Tax,,12/31/2656
8901542000928,280,1000,,No Tax,,12/31/2657
4902430773812,285,1000,,No Tax,,12/31/2658
4902430773850,285,1000,,No Tax,,12/31/2659
8901030789083,288,1000,,No Tax,,12/31/2660
8901725973131,291,1000,,No Tax,,12/31/2661
8901725111533,295,1000,,No Tax,,12/31/2662
8901725121228,295,1000,,No Tax,,12/31/2663
4902430894845,298,1000,,No Tax,,12/31/2664
8901030790751,299,1000,,No Tax,,12/31/2665
8901499007971,299,1000,,No Tax,,12/31/2666
8901542001932,299,1000,,No Tax,,12/31/2667
8901131721722,300,1000,,No Tax,,12/31/2668
8901138512576,300,1000,,No Tax,,12/31/2669
7622201151416,302,1000,,No Tax,,12/31/2670
42204084,310,1000,,No Tax,,12/31/2671
8901030789359,310,1000,,No Tax,,12/31/2672
8901058865073,310,1000,,No Tax,,12/31/2673
4987176030511,315,1000,,No Tax,,12/31/2674
8901499010445,315,1000,,No Tax,,12/31/2675
8901499010452,315,1000,,No Tax,,12/31/2676
8901499010469,315,1000,,No Tax,,12/31/2677
8901542000065,315,1000,,No Tax,,12/31/2678
8904145911820,315,1000,,No Tax,,12/31/2679
8904145911905,315,1000,,No Tax,,12/31/2680
8901138513184,318,1000,,No Tax,,12/31/2681
4902430894814,319,1000,,No Tax,,12/31/2682
8901012116791,320,1000,,No Tax,,12/31/2683
8901058856163,320,1000,,No Tax,,12/31/2684
8902710500691,320,1000,,No Tax,,12/31/2685
8902710508666,320,1000,,No Tax,,12/31/2686
8902710508666,320,1000,,No Tax,,12/31/2687
8902710510010,320,1000,,No Tax,,12/31/2688
8902710510034,320,1000,,No Tax,,12/31/2689
8901023019265,325,1000,,No Tax,,12/31/2690
8901207900648,325,1000,,No Tax,,12/31/2691
8901058865318,330,1000,,No Tax,,12/31/2692
8902710205206,330,1000,,No Tax,,12/31/2693
690225106092,342,1000,,No Tax,,12/31/2694
4902430778206,350,1000,,No Tax,,12/31/2695
4902430857277,350,1000,,No Tax,,12/31/2696
8901512103505,350,1000,,No Tax,,12/31/2697
8906048500651,350,1000,,No Tax,,12/31/2698
8906048501436,350,1000,,No Tax,,12/31/2699
8907250212035,350,1000,,No Tax,,12/31/2700
8908003634029,350,1000,,No Tax,,12/31/2701
8901012116944,360,1000,,No Tax,,12/31/2702
8901030760655,360,1000,,No Tax,,12/31/2703
8906083863087,360,1000,,No Tax,,12/31/2704
8901396117001,362,1000,,No Tax,,12/31/2705
8901207005671,370,1000,,No Tax,,12/31/2706
8902710510102,375,1000,,No Tax,,12/31/2707
8906048500835,380,1000,,No Tax,,12/31/2708
8901030397943,390,1000,,No Tax,,12/31/2709
8901207025389,395,1000,,No Tax,,12/31/2710
8901262080019,395,1000,,No Tax,,12/31/2711
8902102160717,395,1000,,No Tax,,12/31/2712
4902430900492,399,1000,,No Tax,,12/31/2713
8902710501513,399,1000,,No Tax,,12/31/2714
8901012116739,400,1000,,No Tax,,12/31/2715
7622201423193,410,1000,,No Tax,,12/31/2716
8901030397943,410,1000,,No Tax,,12/31/2717
8901052010615,417,1000,,No Tax,,12/31/2718
4902430473194,430,1000,,No Tax,,12/31/2719
690225103633,440,1000,,No Tax,,12/31/2720
8901030816611,449,1000,,No Tax,,12/31/2721
8901012166710,450,1000,,No Tax,,12/31/2722
8906083860109,450,1000,,No Tax,,12/31/2723
8901571001361,454,1000,,No Tax,,12/31/2724
8901030752902,460,1000,,No Tax,,12/31/2725
4902430875110,465,1000,,No Tax,,12/31/2726
8901030700194,465,1000,,No Tax,,12/31/2727
4902430752299,469,1000,,No Tax,,12/31/2728
4902430722421,475,1000,,No Tax,,12/31/2729
8901058826784,490,1000,,No Tax,,12/31/2730
8901052000913,495,1000,,No Tax,,12/31/2731
8901030691386,496,1000,,No Tax,,12/31/2732
8906004970023,498,1000,,No Tax,,12/31/2733
8906004970023,498,1000,,No Tax,,12/31/2734
4902430721530,500,1000,,No Tax,,12/31/2735
8901030704321,500,1000,,No Tax,,12/31/2736
8901262030700,500,1000,,No Tax,,12/31/2737
8901030658778,520,1000,,No Tax,,12/31/2738
8901571001989,525,1000,,No Tax,,12/31/2739
8901030556807,530,1000,,No Tax,,12/31/2740
4902430346115,550,1000,,No Tax,,12/31/2741
4902430922388,550,1000,,No Tax,,12/31/2742
8906048500668,550,1000,,No Tax,,12/31/2743
8906048501450,550,1000,,No Tax,,12/31/2744
8906083860116,550,1000,,No Tax,,12/31/2745
8904109490538,565,1000,,No Tax,,12/31/2746
8901058859744,580,1000,,No Tax,,12/31/2747
8904145911844,580,1000,,No Tax,,12/31/2748
8904145911929,580,1000,,No Tax,,12/31/2749
8906048500361,595,1000,,No Tax,,12/31/2750
4902430345934,600,1000,,No Tax,,12/31/2751
8901030783678,600,1000,,No Tax,,12/31/2752
8901058859768,605,1000,,No Tax,,12/31/2753
8901058859775,610,1000,,No Tax,,12/31/2754
4902430645577,699,1000,,No Tax,,12/31/2755
4902430814829,699,1000,,No Tax,,12/31/2756
4902430868266,699,1000,,No Tax,,12/31/2757
8903622000811,699,1000,,No Tax,,12/31/2758
8903622000880,699,1000,,No Tax,,12/31/2759
8903622000934,699,1000,,No Tax,,12/31/2760
4902430908771,725,1000,,No Tax,,12/31/2761
4902430798792,840,1000,,No Tax,,12/31/2762
4902430890106,840,1000,,No Tax,,12/31/2763
8901246002167,850,1000,,No Tax,,12/31/2764
4902430721554,900,1000,,No Tax,,12/31/2765
8901030710803,999,1000,,No Tax,,12/31/2766
8901030710810,1099,1000,,No Tax,,12/31/2767
4987176028716,1100,1000,,No Tax,,12/31/2768
4902430798815,1175,1000,,No Tax,,12/31/2769
4987176028709,1200,1000,,No Tax,,12/31/2770
8904145911875,1240,1000,,No Tax,,12/31/2771
8904145911950,1240,1000,,No Tax,,12/31/2772
4902430922913,1599,1000,,No Tax,,12/31/2773